,mean_fit_time,std_fit_time,mean_score_time,std_score_time,param_C,params,split0_test_score,split1_test_score,split2_test_score,split3_test_score,split4_test_score,mean_test_score,std_test_score,rank_test_score
0,1.0171919345855713,0.08969137181273024,0.008195018768310547,0.00039954209671987464,0.001,{'C': 0.001},0.9509,0.9531666666666667,0.9524333333333334,0.9522333333333334,0.9513,0.9520066666666667,0.0008127867015535244,5
1,2.794838047027588,0.2565034845636611,0.007993793487548828,1.9695164135039694e-06,0.1,{'C': 0.1},0.9902666666666666,0.9909666666666667,0.9895,0.9904,0.9893666666666666,0.9901,0.0005944184833375613,4
2,2.750742721557617,0.2120666753490178,0.008794069290161133,0.0011661796988688845,1,{'C': 1},0.9940666666666667,0.9946,0.9935666666666667,0.9948,0.9936333333333334,0.9941333333333333,0.0004975495508545368,3
3,2.75830283164978,0.17418143467349648,0.008794784545898438,0.0016007428798498495,10,{'C': 10},0.9953333333333333,0.9957,0.9949666666666667,0.9956333333333334,0.9955333333333334,0.9954333333333333,0.00026415483674880453,2
4,2.6383934020996094,0.044951335285057625,0.00899505615234375,0.002000570447833324,100,{'C': 100},0.9960666666666667,0.9956333333333334,0.9948,0.9956333333333334,0.9962,0.9956666666666667,0.0004894441291460562,1
