,mean_fit_time,std_fit_time,mean_score_time,std_score_time,param_n_estimators,params,split0_test_score,split1_test_score,split2_test_score,split3_test_score,split4_test_score,mean_test_score,std_test_score,rank_test_score
0,3.7601984977722167,2.179231092096489,0.1695845603942871,0.05448113888983347,10,{'n_estimators': 10},0.9197333333333333,0.923,0.9211333333333334,0.9235,0.9231333333333334,0.9221,0.0014403703227526996,5
1,5.1735820293426515,0.31757718428075005,0.14419035911560057,0.024388083342114494,20,{'n_estimators': 20},0.9269666666666667,0.9284666666666667,0.9263333333333333,0.9288666666666666,0.9279,0.9277066666666667,0.0009374670364574943,4
2,7.474411344528198,0.43952315007175835,0.17959342002868653,0.045747437460737755,30,{'n_estimators': 30},0.9321,0.9294,0.9279666666666667,0.9313666666666667,0.9311,0.9303866666666666,0.0014989774292274466,3
3,10.175830984115601,1.000036891030862,0.24012670516967774,0.005474086612773085,40,{'n_estimators': 40},0.9329333333333333,0.931,0.9295,0.9320666666666667,0.9324333333333333,0.9315866666666667,0.0012214017448088886,2
4,15.71388120651245,1.8998946955102474,0.24985799789428711,0.012271041746734362,50,{'n_estimators': 50},0.9331333333333334,0.9301666666666667,0.9297666666666666,0.9329666666666667,0.9339666666666666,0.932,0.0016991501143545605,1
