,mean_fit_time,std_fit_time,mean_score_time,std_score_time,param_C,params,split0_test_score,split1_test_score,split2_test_score,split3_test_score,split4_test_score,mean_test_score,std_test_score,rank_test_score
0,0.193764591217041,0.011343060918157573,0.0061476707458496095,0.004803283567320098,0.001,{'C': 0.001},0.9338333333333333,0.9326,0.9343,0.9341,0.9350666666666667,0.93398,0.0008029390457009463,5
1,0.3494268417358398,0.015470406259986953,0.0019016742706298828,0.00258058196882357,0.1,{'C': 0.1},0.9855,0.9861333333333333,0.986,0.9870666666666666,0.9863666666666666,0.9862133333333333,0.00051233669484907,4
2,0.4023748397827148,0.012046244673809603,0.0062525272369384766,0.007657750675955362,1,{'C': 1},0.9906333333333334,0.9907666666666667,0.9909666666666667,0.9924,0.9914666666666667,0.9912466666666667,0.0006424259576877955,3
3,0.4379579544067383,0.024898514456304158,0.002001237869262695,0.0016736072694783163,10,{'C': 10},0.9921,0.9923666666666666,0.9921666666666666,0.9935,0.9925333333333334,0.9925333333333333,0.0005068420748999812,2
4,0.42739028930664064,0.016629238093237773,0.0013014793395996094,0.002602958679199219,100,{'C': 100},0.9922666666666666,0.9925,0.9923333333333333,0.9936,0.9927333333333334,0.9926866666666667,0.00048424052792895406,1
